Type;Signification;katakana;romanji;detail;exemple
Giseigo;Applaudissement;パチパチ;Pachi-pachi;"Représente le bruit de petits claquements répétés.

Applaudissements : Le son des mains qui frappent.
Crépitement/Claquement : Le bruit d'un feu, de braises, ou de petits objets qui éclatent.
Claquement (appareil) : Le bruit d'un appareil photo (déclencheur) ou d'un interrupteur. 
Clignotement (yeux) : L'action de cligner des yeux rapidement et de manière répétée. 
";"観客はパチパチと手を叩いた。
Le public a applaudi (en faisant un bruit de claquements).
彼女はステージでパチパチパチと拍手した。
Elle a applaudi bruyamment sur la scène. "
Giseigo;Atchoum (éternuement);ハクション、 クシャン;Hakushon, Kushan;"Pour représenter le bruit d'un... éternuement

ハクション (hakushon) : C'est la façon la plus courante et la plus classique de représenter le bruit d'un éternuement en japonais, souvent similaire au « Atchoum ! » français. 
クシャン (kushan) : C'est une autre variation, parfois utilisée pour un éternuement un peu plus petit ou rapide.";"彼は急に「ハクション！」と大きなくしゃみをした。
Il a soudain fait un grand « Atchoum ! » (éternuement)."
Giseigo;Baahaha (éléphant);パオー;Paō; Pour décrire le barrissement d'un éléphant.;"象がパオーと大きな声で鳴いた。
L'éléphant a barré d'une voix forte, faisant « Pa-ō ! »"
Giseigo;Bêê-bêê (caprin, ovin);メーメー;Mē-mē;"Le bêlement du mouton ou de la chèvre : C'est le sens le plus courant, l'équivalent du « Bêê » français.  
L'expression de l'indifférence : Moins courant, il peut être utilisé pour exprimer un manque d'intérêt ou d'enthousiasme, à la manière du « Meh » en anglais.";"羊がメーメーと鳴いている。
Le mouton bêle (fait « bêê-bêê »).

"
Giseigo;Bzzz-bzzz (abeille, guêpe, etc.);ブンブン;Bun-bun;"Décrit un son de vibration ou un mouvement rapide et continu.

Le bourdonnement/vrombissement : Le son d'insectes (abeilles, mouches), de moteurs, ou d'objets en rotation rapide. C'est l'équivalent du « Bzzz » ou « Vroum-vroum » français.
L'action de secouer/faire tournoyer : Le mouvement énergique, souvent en faisant un son d'air coupé (comme agiter une épée ou faire tourner une corde).";"蚊が耳の周りでブンブン飛んでいる。
Un moustique vole en bourdonnant (« bzzz ») autour de mon oreille.

彼は紐をブンブンと振り回した。 
Il a fait tournoyer la corde énergiquement (en faisant « vvvf »). "
Giseigo;Chute d'eau, goutte de pluie;ポツポツ;Potsu-potsu;"Liées à l'idée de choses distinctes et espacées.

Chutes/Écoulement espacé : Le bruit de l'eau qui tombe goutte par goutte, ou le début d'une pluie légère et espacée.
Petites taches/Points : L'apparence de boutons, de taches ou de marques dispersées sur une surface.
Action par intermittence/lentement : Une action qui commence lentement ou se produit sporadiquement.

";"雨がポツポツと降り始めた。
La pluie a commencé à tomber goutte par goutte (légèrement).

顔にポツポツとニキビができた。 
Des boutons (taches) sont apparus sur son visage.
 
彼は出来事をポツポツと話し始めた。 
Il a commencé à raconter les événements lentement, par intermittence. "
Giseigo;Cocorico (coq);コケコッコ;Kokekokko;Représente le chant du coq.;"朝、鶏が「コケコッコ！」と鳴いて目を覚ました。
Le matin, j'ai été réveillé par le coq qui chantait « Cocorico ! ».

"
Giseigo;Cot-cot-codec (poule);コッコッコ;Kokkokko;Représente le gloussement de la poule ou le cri d'un jeune coq ou d'un poussin.;"庭でひよこたちが「コッコッコ」と鳴きながら餌を啄んでいた。
Dans la cour, les poussins picoraient en gloussant (Â« cot-cot-cot Â») 
"
Giseigo;Hiii-hiii (cheval, zèbre);ヒーン;Hīn;"Exprime principalement la tristesse ou le bruit d'un cheval.
Pleurs/Gémissements : C'est le son d'un gémissement plaintif ou d'un pleur silencieux et triste. Il est souvent associé à un sentiment de détresse ou de grande tristesse, comme un petit enfant qui sanglote.  
Hennissement : C'est aussi la manière standard de représenter le hennissement du cheval (l'équivalent de ""Hiii"" ou ""Hii-hinn"" en français).";"彼は悔しくて「ヒーン」と泣き声を漏らした。
Il était tellement frustré qu'il laissa échapper un gémissement plaintif (« hīīīn »).

馬が空に向かって「ヒーン」と鳴いた。
Le cheval a henni (« Hii-hinn ») vers le ciel.
"
Giseigo;Miaou-miaou (félidé);ニャニャ、 ニャンニャン;Nya-nya, Nyan-nyan;"Pour le miaulement du chat.
ニャンニャン (nyan-nyan) : C'est la forme la plus courante pour le miaulement continu. 
ニャニャ (nya-nya) : C'est une variation qui peut parfois désigner un miaulement plus rapide ou une série de petits cris.
Chat : Utilisé par les jeunes enfants pour désigner un chat.  
Argot : Terme d'argot désignant l'acte sexuel.";"子猫がご飯を求めて「ニャンニャン」と鳴いている。
Le chaton miaule (« miaou-miaou ») pour réclamer à manger. "
Giseigo;Ouaf-ouaf (chien);ワンワン;Wan-wan;"L'aboiement du chien : C'est la façon japonaise de représenter le bruit que fait un chien, l'équivalent de notre « Ouaf-ouaf » ou « Wouf-wouf ».
Pleurs sonores : Il peut aussi décrire le bruit de quelqu'un qui pleure fort et bruyamment, souvent un enfant, l'équivalent de ""Ouah-ouah"" (comme un sanglot).
Nom pour un chien : Dans le langage enfantin, ワンワン désigne le chien lui-même.  ";"隣の犬が「ワンワン！」と吠えている。
Le chien du voisin aboie en faisant « Ouaf-ouaf ! ».
子どもは迷子になり、ワンワン泣き出した。
L'enfant s'est perdu et s'est mis à pleurer bruyamment (« ouah-ouah »).
ワンワンがボールを追いかけている。
Le chien (le « ouaf-ouaf ») court après la balle."
Giseigo;Pluie forte;ザーザー;Zā-zā;"Indique une intensité et une durée prolongée
Pluie battante : C'est le bruit de la pluie forte, torrentielle, ou du déluge. C'est l'équivalent de notre ""Il pleut à seaux"" ou ""il pleut très fort"".  
Bruit de l'eau qui coule fortement : Peut aussi décrire l'eau qui se déverse en grande quantité (comme une cascade ou un robinet très ouvert).  
Bruit statique (Radio/TV) : Moins courant, il peut désigner le bruit de parasite ou de statique à la radio ou à la télévision.";"外は雨がザーザー降っているから、傘を持って行ったほうがいい。
Il pleut à verse (« zā-zā ») dehors, il vaut mieux prendre un parapluie. 

ラジオは壊れて、ザーザーという雑音しか聞こえない。
La radio est cassée, on n'entend qu'un bruit parasite (« zā-zā »). 

"
Giseigo;Coa-coa (crapeau, grenouille);ケロケロ;Kero-kero;Représente le coassement de la grenouille.;"夜になると、田んぼから蛙が「ケロケロ」と鳴く声が聞こえる。
Quand la nuit tombe, on entend les grenouilles coasser (« coa-coa ») depuis les rizières.
"
Giseigo;Crôa-crôa (corbeau);カーカー;Kā-kā;Représente le croassement du corbeau.  ;"電柱の上で、カラスが「カーカー」と鳴いていた。
Un corbeau croassait (« crôa-crôa ») au-dessus du poteau électrique.
"
Giseigo;Coin-coin (canard);ガーガー;Gā-gā;"Le cancanement du canard : C'est le bruit que font les canards, l'équivalent du « Coin-coin » français.  
Un bruit agaçant/fort : Il peut parfois décrire un bruit fort, agaçant ou criard (par exemple, le son d'un klaxon ou un cri discordant de certains oiseaux comme le corbeau, bien que カーカー soit plus standard pour le corbeau).";"アヒルが池で「ガーガー」と鳴きながら泳いでいる。
Le canard nage dans l'étang en faisant « coin-coin » (cancanant).

彼はうるさく「ガーガー」と大声で話していた。
Il parlait d'une voix forte et agaçante (« crrr-crrr »).
"
Giseigo;Hi-han (âne);グーヒー;Gūhī;Pour représenter le braiment de l'âne.;"遠くからロバが「グーヒー！」と鳴いているのが聞こえた。
On entendait l'âne braire (« Hi-han ! ») de loin."
Giseigo;Hou-hou (hibou);ホーホー;Hō-hō;"Le cri de l'hibou/chouette : C'est le son standard pour le cri d'un hibou ou d'une chouette, l'équivalent du « Hou-hou » français.  
Expression d'étonnement ou de compréhension : Similaire à un « Oh ! » ou « Ah, je vois » français, souvent dit avec une intonation longue pour exprimer un certain étonnement ou une réalisation. (Dans ce cas, il est souvent écrit en Hiragana : ほほう (hohō)).";
Giseigo;Groin-groin (porcin);ブーブー;Bū-bū;"Décrivant plusieurs sons et états.
Grognement du cochon : Le bruit que fait le cochon, l'équivalent du « Groin-groin » français.  
Klaxon/Sirène : Le son d'un klaxon de voiture, d'un sifflet ou d'un avertisseur.  
Plaintes/Grommellements : L'action de grogner ou de se plaindre de manière agacée, comme un « bougonnement ». 
Huées/Bruit de désapprobation : Le bruit « Boo » ou « Bouh » d'une foule en colère ou désapprobatrice (un « booing »).";"豚は餌を食べて「ブーブー」と鳴いた。
J'ai klaxonné (« pouet-pouet ») la voiture lente.

彼は残業についてブーブー文句を言っている。 
l se plaint (« bougonne ») sans cesse des heures supplémentaires."
Giseigo;Cui-cui (oiseau);ピーピー;Pī-pī;"Décrit plusieurs sons aigus et perçants, ou un état physique.

Sons aigus/sifflements : Le son d'un sifflet, d'une alarme aiguë, ou d'un sifflement d'oiseau.  
Petits cris d'oiseaux : Le gazouillis ou le piaulement de petits oiseaux, de poussins (souvent la forme ピヨピヨ (piyo-piyo) est aussi utilisée pour les poussins).  
Bruit d'un ventre affamé : De manière idiomatique, il peut désigner le bruit d'un ventre qui gargouille (même si ペコペコ (peko-peko) est plus courant pour l'état d'avoir faim).";"やかんが沸騰して、「ピーピー」と鳴り始めた。
La bouilloire a bouilli et a commencé à siffler (« piiii »).

小鳥が餌を求めて「ピーピー」と鳴いている。
Le petit oiseau crie (« cui-cui ») pour réclamer de la nourriture.

お腹がピーピーだよ！	
Mon ventre fait « pī-pī » ! (J'ai très faim !) "
Giseigo;Pof (écrasement);ドスン;Dosun;"Décrit le bruit d'un objet lourd qui tombe ou qui frappe quelque chose avec une force sourde.

Chute lourde : Le bruit d'une personne qui tombe lourdement, d'un sac qui s'écrase sur le sol, ou d'un meuble qui s'affaisse.  
Coup sourd : Le bruit d'un objet qui frappe une surface sans rebondir.";"彼が椅子にドスンと座ると、床が揺れた。
Quand il s'est laissé tomber lourdement (« vlan ») sur la chaise, le sol a tremblé.

重い箱が床にドスンと落ちた
La lourde boîte est tombée par terre en faisant « boum »/un bruit sourd."
Giseigo;Hooou (loup);ウオォォン;Uoōn;"Exprime un hurlement ou un vrombissement profond et prolongé.  

Hurlement (Animal) : Le cri d'un loup, d'un chien (hurlement), ou d'un autre animal qui hurle à la lune ou par détresse. C'est l'équivalent de « Hououuuu » ou « Aouuuuu ».  
Bruit de moteur/Sirène : Le vrombissement puissant et soutenu d'un moteur, d'une alarme, ou d'une sirène (comme celle des pompiers).  
Lamentation : Il peut parfois être utilisé pour un gémissement humain très fort et plaintif.";"満月の夜、狼が「ウオォォン」と遠吠えした。
La nuit de pleine lune, le loup a hurlé (« Aouuuuu »).

救急車のサイレンが「ウオォォン」と近づいてきた。
La sirène de l'ambulance est arrivée en faisant « Ouuuooouuu »."
Giseigo;Meuh (bovin);モー;Mō;"Mugissement de la vache : Le bruit que fait une vache, l'équivalent du « Meuh » français.  
Expression d'agacement/plaintes : Un grogne-ment ou une plainte prolongée pour exprimer l'agacement, la frustration, ou le fait d'en avoir assez. C'est l'équivalent de « Ughhh », « Ça suffit ! » ou « Oh, non ! ».  
Adverbe (もう - mō) : Bien que non lié directement à l'onomatopée, le mot もう (mō) est un adverbe extrêmement courant signifiant « déjà », « plus » (dans un sens négatif), ou « encore » (souvent dans les questions).";"牧場で牛が「モー」と鳴いた。
La vache a fait « Meuh » dans le pâturage.

「モー、また宿題を忘れたの？！」
« Ughhh, tu as encore oublié tes devoirs ?! »  

もう食べられません。
Je ne peux plus manger. 

もう電車は出ました。
Le train est déjà parti.  


"
Giseigo;Rouar (lion, tigre, etc.);ガオー;Gaō;Décrit un rugissement puissant et menaçant.;"ライオンが獲物に向かって「ガオー！」と吠えた。
Le lion a rugi (« Raaawwrr ! ») en direction de sa proie.

彼は鬼のマスクをかぶり、「ガオー！」と言って妹を驚かせた。
Il a mis un masque de démon et a dit « Raaawwrr ! » pour faire peur à sa petite sœur."
Giseigo;Rou-rou (pigeon, colombe, tourterelle);ポッポポッポ;Poppo-poppo;"Roucoulement du pigeon : C'est le bruit que font les pigeons, l'équivalent du « Rou-rou » ou « Crou-crou » français.  
Bruit de train à vapeur : Le bruit « pouf-pouf » ou « tchou-tchou » d'une ancienne locomotive à vapeur.";"公園でハトが「ポッポポッポ」と鳴いていた。
Le pigeon roucoulait (« rou-rou ») dans le parc.

機関車が「ポッポポッポ」と煙を吐きながら走る
La locomotive avance en faisant « tchou-tchou » et en crachant de la fumée."
Giseigo;Piou-piou (poussin);ピヨピヨ;Piyo-piyo;Représente le piaulement des poussins ou des petits oiseaux.;"ひよこが「ピヨピヨ」と可愛らしく鳴いている。
Le poussin piaule (« piou-piou ») de façon adorable."
Giseigo;Prout (flatulence);ブー、 プー、 プゥー;Bū, Pū, Puū;"décrivent des sons similaires de basse fréquence et d'air expulsé, mais avec des nuances d'intensité ou de source.
";"誰かが「プー」とラッパを鳴らした。
Quelqu'un a fait « Pouet » à la trompette."
Giseigo;Ssssss (serpent);シュルシュル;Shuru-shuru;"Décrit un bruit de glissement, de frôlement ou de sifflement léger et continu.

ouvement glissant/ramper : Le son produit par quelque chose qui glisse, rampe ou serpente rapidement (par exemple, un serpent ou une corde qui s'enroule/se déroule). C'est l'équivalent de « Fffft » ou « Vzzzt » (glissement rapide).  
Frôlement/Bruissement : Le bruit de bruissement produit par des objets légers ou souples, comme de la soie, du papier, ou des feuilles qui se frôlent.  
Sifflement/Vrombissement : Un bruit de sifflement aigu ou un vrombissement rapide (comme une petite fusée ou un projectile).
";"蛇が草むらを「シュルシュル」と音を立てて進んだ。
Le serpent a avancé dans les herbes en faisant un bruit de glissement (« Vzzzt »). 

ロープが滑車から「シュルシュル」と降りていった。
La corde est descendue de la poulie en faisant un bruit de frottement/glissement."
Giseigo;Hii Hii (singe);ウキウキ;Uki-uki;"Décrivant un état émotionnel.

Joyeux, gai, et très excité (comme si l'on flottait).  
De bonne humeur (être « aux anges » ou « sur un petit nuage »). 
Léger et plein d'entrain.";"彼女はデートを控えて「ウキウキ」している。
Elle est toute joyeuse / surexcitée à l'idée d'avoir un rendez-vous.

チーム全体が優勝してウキウキしていた。
Toute l'équipe était folle de joie après avoir remporté le championnat."
Giseigo;Wouif (renard);コンコン;Kon-kon;"Signification : Le bruit de quelqu'un qui frappe doucement à une porte ou qui tapote légèrement.Équivalent Français : « Toc-toc », « Tap-tap ».

Signification : Le bruit d'une toux sèche ou d'un raclement de gorge léger.  Équivalent Français : « Hum-hum », « Tousse-tousse ».

Signification : La façon dont la neige tombe abondamment et sans interruption.  Équivalent Français : « Tomber à gros flocons », « tomber sans discontinuer ».";"ドアを「コンコン」とノックした。
J'ai frappé à la porte (« toc-toc »).

狐が「コンコン」と鳴いている
Le renard crie (« yip-yip »).

雪が朝から「コンコン」と降っている。
La neige tombe abondamment depuis ce matin."
Giseigo;Couic (rat, souris);チュウ;Chuu;"Bruit de baiser Signification : Le bruit d'un baiser ou d'un bisou affectueux. On trouve souvent la forme ちゅっ (chu') pour un baiser court.  Équivalent Français : « Mwah », « Smooch ».
Bruit de souris ou d'oiseau Signification : Le couinement d'une souris ou le gazouillis/piaulement d'un petit oiseau.  Équivalent Français : « Couic-couic » (souris), « Cui-cui » (oiseau).
Bruit de succion Signification : Le son fait en buvant ou en aspirant un liquide (souvent avec une paille).  Équivalent Français : « Slurp », « Glouglou » (aspiration).

";"彼が頬に「チュウ」とキスをした。
Il a fait un bisou (« Mwah ») sur sa joue.

ネズミが壁の裏で「チュウチュウ」と鳴いている。
La souris couine (« couic-couic ») derrière le mur.

"
Giseigo;Tsing (épée (croisement des fers));ザァァッ;Zaātsu;"Exprime un bruit de frottement, de glissement, ou d'écoulement intense.

Pluie ou eau (Son continu, mais bref) : Le son d'une pluie torrentielle qui commence ou s'arrête brusquement, ou le bruit d'une vague s'écrasant.  
Mouvement rapide de foule : Le bruit d'une foule qui se précipite ou se disperse subitement.  
Bruit de frottement/Glissement : Un bruit de frottement ou de glissement rapide sur une surface, souvent associé à un mouvement brusque.";"窓の外で雨が「ザァァッ」と降り始めた。
Dehors, la pluie s'est mise à tomber subitement et fort (« Pschiiit »).

車が急ブレーキをかけて、「ザァァッ」と砂利の上を滑った。
La voiture a freiné brusquement et a dérapé (« Vzzzt ») sur le gravier. 

"
Giseigo;Burp (éructation);ゲップ;Geppu;désigner l'action ou le bruit d'un rot ou d'une éructation (l'air qui s'échappe de l'estomac par la bouche).  Équivalent Français : « Rot », « Faire un rot ».;"食事の後で、大きなゲップが出た。
J'ai fait un gros rot après le repas.

赤ちゃんにゲップをさせる。
Faire faire son rot au bébé.  Exporter vers Sheets       "
Giseigo;Pin-pon (sirène de pompiers);ビーボビーボ;Bībo-bībo;"Imite un son de sirène ou d'alarme répétitive.  

Pompiers  Ambulances (bien que ウーウー (ū-ū) ou ピーポーピーポー (pīpō-pīpō) soient également très courants).";"消防車が「ビーボビーボ」とサイレンを鳴らしながら走ってきた。
Le camion de pompiers est arrivé en faisant « Pin-pon » avec sa sirène."
Giseigo;Smack (baiser);チュー;Chū;"Bruit de baiser (Le plus courant) Dans les mangas et la communication informelle, チュー (ou la forme courte チュッ chu') est l'onomatopée du baiser ou du bisou.  Équivalent Français : « Mwah », « Smooch ».  Forme verbale : チューする (chū suru) signifie ""embrasser"" ou ""faire un bisou"" (souvent enfantin ou affectueux). 
Cri d'animal チュー peut également être utilisé pour le couinement d'une souris ou le piaulement/gazouillis d'un petit oiseau (bien que ピヨピヨ soit plus courant pour les poussins).  Équivalent Français : « Couic-couic » (souris), « Cui-cui » (oiseau). 
Bruit de succion Le son fait en buvant un liquide ou en sautant à travers une paille, ou d'autres actions de succion légères.  Équivalent Français : « Slurp » (succer).";"「ありがとう」と言って、頬にチューした。
Elle a dit « Merci » et lui a fait un bisou sur la joue.

ネズミが「チュウチュウ」と壁の中で鳴いた。
La souris a couiné (« couic-couic ») à l'intérieur du mur."
Giseigo;Dring dring (téléphone);リンリン、プルルル;Rin-rin, Purururu;"Sonnerie de cloche : Le son d'une cloche, d'une clochette de vélo, ou d'un grelot.  Équivalent Français : « Ding-dong », « Drelin-drelin » (léger).  
Chant d'insecte : Le chant du grillon ou de l'haltique (suzumushi), très apprécié au Japon.  Équivalent Français : « Cri-cri » (grillon).";"玄関のチャイムが「リンリン」と鳴った。
La sonnette de l'entrée a fait « drelin-drelin » (a sonné).

ポケットの電話が「プルルル」と鳴り出した。
Le téléphone dans ma poche a commencé à sonner/vibrer (« Ring-ring »)."
Giseigo;Tagadam (train roulant sur les rails);カタンコトン、 ガタンゴトン;Katan-koton, Gatan-goton;"Le son que font les roues lorsqu'elles passent sur les joints des rails. 

カタンコトン est plus doux et évoque une ambiance nostalgique.  
ガタンゴトン est plus puissant et est le terme le plus courant pour le vacarme du train.";"電車が線路の上を「ガタンゴトン」と音を立てて走る。
Le train roule sur les rails en faisant « clac-clac » (« tac-tac »)."
Giseigo;Craquement de la neige sous les pieds;サクサク;Saku-saku;"Principalement utilisée pour décrire une texture agréable ou une action fluide et efficace.

Signification : Croustillant, craquant, floconneux (comme une pâte feuilletée).  
Utilisé pour :  Les aliments frits (Tempura, croquettes, crevettes frites)  
Les biscuits et les pâtisseries feuilletées  
Le son de la neige ou du sable sous les pieds (un craquement sec)

サクサク (saku-saku)	Légèrement croustillant, friable.	Tempura, biscuits, pâte feuilletée. 
パリパリ (pari-pari)	Très croustillant et fin.	Chips, nori (algue séchée), peau de poulet. 
カリカリ (kari-kari)	Dur et craquant (son plus fort).	Croûte de pain grillé, bacon croustillant, frites. 
シャキシャキ (shaki-shaki)	Croustillant et juteux (pour les légumes).	Laitue, pommes, chou.";"このコロッケは衣がサクサクしている。
La panure de cette croquette est croustillante (et friable).

仕事がサクサク進む。
Le travail avance rapidement et efficacement (sans difficulté)."
Giseigo;Hum !;ン！;N!;" ン (n), souvent écrit en hiragana ん ou en katakana ン, est la seule consonne isolée en japonais et, en tant qu'onomatopée, elle est rarement utilisée seule, mais elle est très importante pour les effets sonores dans le manga et le langage.

Signification : Le son d'une cloche ou d'un gong qui résonne, ou un son aigu qui s'éteint.  
Exemples courants :  
キーン (kīn) : Un son aigu et résonnant (comme un ultrason ou un tinnitus).  
ゴーン (gōn) : Le son d'une grosse cloche ou d'un gong qui résonne.

Lorsqu'il est utilisé seul, avec un point d'exclamation, ン！ peut suggérer une action brève et interne ou un son discret :

Aspiration/Déglutition discrète : Un petit reniflement ou un son de déglutition étouffé (souvent plus subtil que gokun).  
Petite surprise/Exclamation : Un son de surprise ou de réalisation soudaine, comme un petit « Hmmm » ou « Hein ? » rapide.";"「今日の会議、出席する？」 「ン！」
「N!」	« Tu assistes à la réunion d'aujourd'hui ? » « Mh ! »"
Giseigo;Pan-pan (fessée);ペンペン;Pen-pen;"L'usage le plus courant et le plus connu de ペンペン est de décrire l'action et le son d'une fessée ou d'une tape répétée.  

Terme complet : お尻ペンペン (o-shiri penpen). O-shiri signifie fesses, donc l'expression signifie littéralement « taper les fesses » ou « fesser (un enfant) ».  
Nuance : Le son imite les claquements légers et rapides d'une main sur la peau.  Exemple de phrase (Fessée)";"いたずらをしたので、お尻をペンペンされた.
Comme j'avais fait une bêtise, on m'a donné une fessée (« clac-clac »).

"
Giseigo;Ouin (pleurs);シクシク;Shiku-shiku;"シクシク décrit le son de quelqu'un qui pleure doucement ou sanglote à voix basse. C'est un pleur modéré, en retenue, et souvent continu.  

Signification : Sangloter doucement, pleurnicher, pleurer en silence/à voix basse.  
Nuance : Cela s'oppose aux pleurs bruyants comme ギャーギャー (gyaa-gyaa - crier fort) ou aux pleurs mélancoliques comme メソメソ (meso-meso - pleurnicher de manière geignarde).";"彼女は一人で部屋でシクシク泣いていた。
Elle sanglotait doucement (« en silence ») dans sa chambre, toute seule."
Giseigo;Pan (pistolet);ドキューン、 ズキューン;Dokyūn, Zukyūn;Les deux termes sont des variations (voisée et non-voisée) qui désignent un bruit de détonation, d'impact, ou de propulsion rapide.;"ドキューン	Dokyūn	Son lourd et grave, souvent d'un gros coup de feu ou d'un impact violent. (Voix non-voisée + accentuation forte).	« BANG ! », « PAN ! » (fort) 
ズキューン	Zukyūn	Son plus aigu ou une action plus rapide et tranchante, comme un tir au laser, un tir rapide, ou une flèche. (Son voisé ZU pour un mouvement glissant).	« VZZZT ! », « ZAP ! », « PSHHEW ! » "
Giseigo;(panda roux);ピィー ピィー;Piī-Piī;"Décrire les sons continus émis par de petits êtres ou des objets.

Sons d'oiseaux : Il décrit le gazouillement ou le pépiement aigu et continu d'un oiseau, souvent un petit oiseau. Une variation très courante pour le pépiement des poussins est ピヨピヨ (piyo-piyo).  
Cris d'animaux : Il est parfois utilisé pour les petits cris aigus de certains mammifères, comme le Panda Roux.  
Sifflements/Sirènes : Il peut imiter le son aigu d'un sifflet, d'une sirène ou d'un klaxon qui retentit fortement.";"小鳥が餌を求めてピィー ピィー鳴いている。
Le petit oiseau gazouille (« piaule ») pour demander de la nourriture.

目覚まし時計がピィー ピィーと鳴り始めた。
Le réveil a commencé à sonner (« biper »).

"
Giseigo;(chien viverrin);キューンキューン;Kyūn-kyūn;"Exprime un état émotionnel fort et plaisant ou un petit son aigu d'animal.

Description d'une Émotion (Le plus courant)

L'utilisation la plus populaire de キューン (souvent abrégé en キュン ou répété comme キューンキューン) décrit une sensation de pincement au cœur causée par une émotion agréable.  
Signification : Le cœur qui palpite, une sensation de chaleur ou de tendresse inattendue.  
Nuance : C'est le son du coup de cœur pour quelque chose de mignon (kawaii) ou le tremblement d'excitation face à un acte de gentillesse ou de romance. C'est l'équivalent de ""Oh mon Dieu, c'est adorable !"" ou ""J'ai le cœur qui bat la chamade !"".

Sons d'Animaux

Signification : Gémissement aigu, petit cri.  
Utilisé pour : Le cri aigu du chien viverrin japonais (tanuki) ou d'autres petits mammifères qui gémissent.  
Nuance : Il est très similaire au petit miaou plaintif (souvent écrit ニャー (nyā)).";"そのセリフに胸がキューンとした。
Mon cœur a fait « kyun » (j'ai eu un pincement) à cause de cette réplique.

子犬がキューンキューンと鳴いている。
Le chiot gémit (« couine »).  Exporter vers Sheets 

"
Giseigo;Nihin (tortue);ム;Mu;"ム est rarement utilisé seul, mais il est souvent la première partie d'une onomatopée plus longue décrivant l'action de presser ou de serrer quelque chose.  

Compression/Serrage : Il est souvent associé à des mots comme ムギュッ (mugyu) ou ムギッ (mugi), qui décrivent le bruit ou l'action de presser quelque chose de mou (comme un objet, ou une personne dans une étreinte forte).  
Effort/Contrainte : Il peut être utilisé pour imiter un petit bruit d'effort fait avec la gorge ou le nez, comme un grognement retenu ou un son de tension physique.";
Giseigo;Kiakiakiakia (pic vert);カカカカカ;Kaka-kaka-ka;"Représente principalement un rire fort et rauque.

Rire fort, méchant ou rauque Rire éclatant : Il s'agit d'un rire qui n'est pas doux ou mignon, mais plutôt un éclat de rire bruyant et sans retenue.  
Rire de méchant : Dans les mangas et les dessins animés, ce son est souvent utilisé pour le rire d'un méchant ou d'un personnage arrogant et triomphant, similaire au ""Mwahahaha"" ou ""Hahaha"" aigu en français.  
Nuance : La répétition et l'usage du ka (versus ha ou he) lui donnent un ton plus sec, rauque et puissant.

Le cri d'un corbeau カカ (ka-ka) est aussi l'onomatopée japonaise pour le croassement du corbeau.  
Signification : Le son d'un croassement répété.

";"カカカカカと大声で笑う。
Rire bruyamment d'un « hahaha » sec. 
"
Giseigo;Tic tac (horloge);チクタク、 カチカチ;Chiku-taku, Kachi-kachi;"チクタク est l'équivalent parfait de l'onomatopée française pour le temps.  
Signification : Tic-tac.  
Usage : Le bruit produit par une horloge ou une montre qui fonctionne, symbolisant le passage du temps.

カチカチ est plus polyvalent et décrit à la fois un son de clic et un état de dureté.  A. 
Le son (Bruit sec, répétitif) Signification : Clic-clic, clac-clac ou tic-tac.  
Usage : Le bruit de deux objets durs qui se cognent, le clic d'une souris, d'un briquet, ou le tic-tac d'une horloge (utilisé de manière interchangeable avec chiku-taku).

 L'état (Dureté) Signification : Dur, rigide, raide ou gelé solidement.  
Usage : Utilisé pour décrire un objet qui est devenu ferme (comme du riz trop cuit), un corps qui est tendu par la peur ou le froid, ou de l'eau gelée (ex : kachi-kachi ni kōru signifie « geler à pierre fendre »).";"時計がチクタクと時を刻む。	
L'horloge fait tic-tac en marquant le temps. 
"
Giseigo;Feu qui crépite;メラメラ;Mera-mera;"La Montée des Flammes (Physique) C'est l'onomatopée utilisée pour les flammes lorsqu'elles sont vives, montent droit et brûlent ardemment.  
Signification : Flamboyer, brûler intensément, s'embraser.  
Nuance : Contrairement à d'autres termes qui pourraient décrire la chaleur ou la braise, meramera se concentre sur l'aspect visuel et la hauteur des flammes.

";"彼女の胸の内に野心の火がメラメラと燃えていた。
Le feu de l'ambition brûlait ardemment (« flamboyait ») dans son cœur."
Giseigo;Eau qui se soulève en vagues;ジャブジャブ;Jabu-jabu;"Le Bruit de l'Eau Agitée (Le plus fréquent) ジャブジャブ décrit le bruit de l'eau lorsqu'elle est agitée, barbotée, ou éclaboussée de manière vigoureuse et répétée.  
Signification : Barboter, éclabousser, faire des clapotis.  
Usage : On l'utilise pour décrire un enfant qui joue dans une baignoire ou une piscine, quelqu'un qui se lave le linge énergiquement, ou un animal qui patauge.";"子どもがプールでジャブジャブと水を跳ねかえしていた
L'enfant éclaboussait (« barbotait ») l'eau dans la piscine. 

"
Giseigo;Bois qui claque;モクモク;Moku-moku;" 黙々 (Mokumoku) : Silence et Concentration 

Lorsque モクモク est écrit avec le kanji 黙 (silence), il décrit une manière d'agir discrète, concentrée et sans un mot.

Signification : Silencieusement, tacitement, avec concentration.  
Usage : Décrit une personne qui travaille, étudie ou mange en étant absorbée par sa tâche, sans parler ni se plaindre.

モクモク (Mokumoku) : Fumée et Vapeur 

Lorsqu'il est utilisé comme un son (souvent écrit en hiragana もくもく), il décrit la manière dont la fumée ou la vapeur s'échappe et monte de manière épaisse et volumineuse.  

Signification : S'élever en nuages épais, fumer abondamment.  
Usage : Souvent utilisé dans les mangas pour représenter la fumée d'un feu, la vapeur d'une source chaude, ou les nuages qui s'amoncellent.";"彼は黙々と作業を続けた。
Il a continué le travail silencieusement/sans rien dire.

煙がモクモクと立ち上った。
La fumée s'élevait en épais nuages."
Giseigo;Métal frappé;キンキラ;Kin-kira;"Signification de キンキラ (Kinkira) Le mot キンキラ est un dérivé de l'onomatopée キラキラ (kirakira, qui signifie ""étincelant"" ou ""brillant""), auquel on ajoute le son キン (kin), qui signifie ""or"" ou ""métal"".  

1. Brilliance Éclatante (Visuel) Signification : Éclatant, étincelant, scintillant. Il est souvent utilisé pour désigner quelque chose qui brille de mille feux.  

2. Fastueux et Voyant (Connotation) Signification : Tape-à-l'œil, voyant, criard ou flamboyant (dans le sens de trop de dorures ou d'ornements).  
Nuance : Contrairement à kirakira qui est purement positif (une étoile qui brille), kinkira peut avoir une nuance négative ou comique, suggérant quelque chose d'excessivement doré, clinquant ou peu raffiné (souvent traduit par ""voyant"" ou ""bling-bling"").";"キンキラのアクセサリー。
Des bijoux tape-à-l'œil (ou très brillants).

キンキラの衣装。
Un costume flamboyant/voyant."
Giseigo;Terre qui gronde;ドンドン;Don-don;"Le Son (Bruit Fort et Répétitif) ドンドン est utilisé pour décrire un bruit d'impact fort et répétitif.  

Signification : Boum-boum, toc-toc (fort), battement, martèlement, coup de tambour.  
Usage :  Frapper fortement et répétitivement à une porte.  Le son d'un tambour ou d'un gros instrument de percussion.  Un piétinement lourd ou des pas lourds (dans les mangas).  
Référence culturelle : Il est la racine de 壁ドン (Kabe-Don), le fait de frapper fort contre un mur.

La Progression (Vitesse et Continuité) ドンドン est utilisé comme un adverbe pour exprimer qu'une action ou un changement se produit de manière rapide et continue.  

Signification : Rapidement, sans s'arrêter, progressivement (mais vite), de plus en plus.  
Nuance : Contrairement à dandan (だんだん) qui suggère un progrès lent et graduel, ドンドン met l'accent sur la vitesse et le dynamisme du changement. Il est souvent traduit par « allez-y sans hésiter » ou « sans retenue ».";"ドアをドンドン叩く。
Frapper lourdement et fort à la porte. 

ドンドン話して下さい。
Parlez sans hésiter/Parlez beaucoup ! 

物価がドンドン上がっている。
Les prix augmentent rapidement/sans cesse. "
Giseigo;Rythme cardiaque;チックチック;Chikku-chikku;"Sensation de Piqûre ou de Picotement チクチク représente la sensation d'être piqué légèrement, comme par une aiguille ou une épine.  

Signification : Picotement, démangeaison, piqûre légère et répétée, ou chatouillement désagréable.  
Usage : On l'utilise pour décrire :  Un pull en laine rugueux ou irritant.  La sensation d'un cactus ou des piquants d'un hérisson.  Une douleur légère à l'estomac ou aux yeux (ex: I have a prickling sensation in my left eye).  La sensation avant ou après une injection ou une piqûre d'insecte.";"このセーターはチクチクする。
Ce pull gratte/pique. 

胃がチクチクする。
J'ai une légère douleur piquante à l'estomac."
Giseigo;Rythme cardiaque rapide;ドキドキ;Doki-doki;"Signification de ドキドキ (Doki-doki) 

ドキドキ est l'équivalent du bruit du cœur qui bat vite ou qui palpite en français. Il exprime toujours l'idée d'une accélération du rythme cardiaque due à une émotion forte.  
Signification de base (Son) : Boum-boum, badaboum, battement rapide.

 La Nervosité ou la Peur (Négatif) 
C'est l'émotion ressentie lorsque l'on est anxieux, stressé ou effrayé.  
Traduction : Palpiter, avoir le trac, être nerveux/nerveuse.";"デートの前はいつもドキドキする
J'ai toujours le cœur qui bat la chamade avant un rendez-vous.  

発表の前はドキドキする。
 J'ai le cœur qui s'emballe avant une présentation."
Giseigo;Miam miam;モグモグ;Mogu-mogu;"Mâcher (Nourriture) 

Signification : Mâcher doucement, grignoter, ou l'équivalent affectueux de « Miam-miam » ou « Nom nom » dans le contexte du dessin.  
Nuance : Contrairement à mushamusha (むしゃむしゃ) qui exprime un mâchage bruyant et vorace, mogu-mogu est utilisé pour un mâchage plus calme ou lorsque les joues se gonflent et se contractent légèrement.

Murmurer (Parole) 

Par extension, il peut désigner le fait de parler de manière inintelligible ou à voix basse, souvent parce qu'on a de la nourriture dans la bouche.  
Signification : Marmonner, mâchonner ses mots.";"モグモグとご飯を食べる。
Mâcher doucement (sa nourriture). 

彼女は口の中でモグモグ言った。
Elle a marmonné quelque chose dans sa bouche."
Giseigo;Ding dong (signal de réponse correcte à une question);ピンポン;Pin-pon;"Onomatopée (Le Son d'une Sonnette ou d'un Carillon) 

C'est l'usage le plus courant de ピンポン comme onomatopée (giongo).  
Signification : Ding-dong, ding-ding (le son d'une sonnette de porte ou d'un carillon).  
Usage : On l'utilise pour imiter le bruit de la sonnette. Parfois, il est aussi utilisé comme nom informel pour désigner l'appareil lui-même.";"ピンポンが鳴った。
La sonnette a retenti. (Un ""ding-dong"" s'est fait entendre.) 

ピンポンダッシュ		
Sonnez et courrez (ring and run), qui désigne l'acte d'appuyer sur une sonnette et de s'enfuir immédiatement."
Giseigo;Hum (doute);フフン;Fu-fun;"Les Sens de フフン (Fufun) 

1. Mépris ou Autosatisfaction C'est l'usage le plus courant, désignant un petit bruit fait avec le nez (un reniflement) ou la gorge.  
Signification : Pffft, Hmpf, Moue de dédain, « Pooh! » (rejet).  
Contexte : Utilisé pour montrer que l'on est supérieur, que l'on se moque de quelque chose, ou que l'on vient de prouver que l'on avait raison (""Je le savais"").";"「フフン、そんな簡単な問題、私には朝飯前だよ。」 
Pff, un problème aussi facile, c'est un jeu d'enfant pour moi. » (avec une nuance de fierté/mépris)"
Giseigo;Bang;バン;Ban;" Onomatopée (Bruit d'Impact Fort) 

Écrit en katakana (バン or バーン), c'est une onomatopée (giongo) utilisée pour représenter un bruit fort et soudain.  
Signification : Bang, Boum, Clac, Poum.  
Contexte :  Le son d'une explosion ou d'un coup de feu.  Le bruit d'une porte qui claque.  Un coup ou un impact violent (par exemple, frapper une table avec la main).  
バーン (Baan) avec une voyelle longue intensifie l'impact et est souvent utilisé dans les mangas pour des scènes dramatiques ou explosives.";"**バン！**とドアを閉める。
Fermer la porte d'un coup/avec un claquement.
"
Giseigo;Boum;ブン、キュン;Bun (explosion), Kyun (cœur);ブン (Bun) ブン (Bun) est une onomatopée (giongo) qui représente le son d'un objet qui passe très rapidement dans l'air ou le bruit d'un moteur/insecte qui vrombit.;"彼の笑顔にキュンとした。
J'ai eu un coup de cœur soudain pour son sourire.
"
Giseigo;Ronron (félidé);ゴロゴロ;Goro-goro;"Sons (Bruits Graves et Roulants) Gorogoro est principalement utilisé pour les bruits de roulement ou de grondement lourds.

Être Paresseux / Se Prélasser 

C'est un usage très courant pour décrire le fait de traîner à la maison sans rien faire de productif, souvent en étant allongé sur le sol, le lit, ou le canapé.  
Signification : Faire le lézard, Buller, Traîner, Faire du farniente.

Sensation de Gêne 

Il décrit la sensation désagréable d'avoir un corps étranger qui roule ou gratte dans l'œil ou l'estomac.  
Signification : Sensation de grain de sable/gravillon (dans l'œil).

";"雷がゴロゴロ鳴っている。
Le tonnerre gronde.

今日は一日中家でゴロゴロする。
Aujourd'hui, je vais glander à la maison toute la journée.

目がゴロゴロする。
J'ai l'impression d'avoir quelque chose dans l'œil.

"
Giseigo;Tétine;チューチュー;Chū-chū;" Le Cri des Petits Animaux 

L'usage le plus courant de チューチュー est de représenter le cri d'une souris ou d'un petit oiseau.  
Signification : Couic-couic, Squeak-squeak (pour la souris), Piau-piau (pour les oisillons).  
Contexte : Souvent utilisé dans le langage enfantin ou dans les dessins animés pour identifier le bruit de la souris (nezumi).

Le Bruit de la Succion (Boire ou Embrasser) 

チューチュー décrit l'action de sucer ou d'aspirer quelque chose avec un bruit.  
Signification : Slurp, Sucer, Aspirer.  
Contexte :  Le bruit que l'on fait en buvant à l'aide d'une paille (souvent avec le verbe 吸う sū - aspirer).  
L'onomatopée チュウ (Chū) ou チュー est également l'onomatopée informelle pour un baiser (Smack ou Bisou), en particulier dans les médias destinés aux enfants ou pour un baiser rapide.";"ネズミがチューチュー鳴いている。
La souris fait « couic-couic » / piaule.

ストローでジュースをチューチュー吸う。
Boire le jus à la paille en faisant un bruit de succion. 

チューする。
Faire un bisou."
Giseigo;Hummm (girafe);キリンキリ;Kirin-kiri;"キリ (Kiri) キリ (Kiri) seul a plusieurs usages. En tant qu'onomatopée (gitaigo), il est souvent utilisé avec l'allongement de la voyelle ou un petit tsu (っ) pour intensifier une sensation :  

A. Sensation de Serrement ou de Froid Signification : Le sentiment d'être tendu, tendrement froid, ou transpercé. 
Variantes :  
キリキリ (Kiri-kiri) : Décrit une douleur vive et perçante (comme un mal de ventre) ou une tension extrême (être pressé par le temps).  
キリッ (Kiri') : Décrit un regard vif et concentré, ou une attitude nette et résolue.  

B. Mouvement et Fin 

Signification : Couper net, Terminer.  
Contexte : Souvent utilisé dans des expressions comme 切り (kiri) pour marquer une fin ou une limite.";"胃がキリキリ痛む。
J'ai une douleur vive à l'estomac.

時間がなくてキリキリする。
Je suis stressé par le manque de temps.

彼はキリッと引き締まった顔をしている。 
Il a un air vif et concentré.
"
Giseigo;Bip-bip;ピコピコ;Piko-piko;"Bruit Électronique / Numérique C'est l'usage principal de ピコピコ. Il représente les sons numériques simples et répétitifs.  

Signification : Bip-bip, Blip-blip, Bleep-bloop, ou Ping rapide.  
Contexte :  Le son d'une ancienne console de jeu (8-bit) ou d'un jeu d'arcade.  
Les musiques chiptune (souvent appelées Piko Piko Music).  
Le son d'une sonnerie d'alarme numérique ou d'un petit appareil électronique.";"ロボットの触角がピコピコ動く。	
Les antennes du robot bougent frénétiquement (bip-bip).
"
Giseigo;Tchou-tchou;シュポーッ  ビュンビュン;Shuppō, Byun-byun;"シュポーッ (Shupō) est une onomatopée (giongo) qui représente le bruit d'un dégagement de vapeur ou un mouvement brusque et net qui génère un son d'air. Le tsu (ー) final indique un son long et soutenu.

ビュンビュン (Byunbyun) est une onomatopée (giongo) qui décrit le bruit d'un objet qui siffle ou tourbillonne rapidement dans l'air.
";"ビュンビュンと風を切る。
Fendre l'air avec un sifflement."
Giseigo;Plouf;ドンブラコ;Donburako;"ドンブラコ est une onomatopée (giongo) qui décrit le son et le mouvement d'un objet lourd et volumineux flottant sur l'eau et se balançant de haut en bas au gré du courant.  

Signification : Flotter avec un lourd balancement, Se laisser bercer par l'eau (en faisant un bruit de roulis).  
Action : Le mouvement est caractérisé par un mélange de poids (ドン Don) et de balancement dans l'eau. Il est souvent répété (ドンブラコ、ドンブラコ).";"「大きな桃が、ドンブラコ、ドンブラコと流れてきました。」 
Un gros pêche arriva en flottant et se balançant lourdement sur l'eau. 

"
Gitaigo;Basculer sans arrêt entre sommeil et éveil;ウツラウツラ;Utsura-utsura;"Signification de ウツラウツラ (Utsura-utsura) 

L'onomatopée ウツラウツラ capture le moment où vous êtes à la limite entre l'éveil et le sommeil. C'est le sentiment de s'assoupir, de hocher la tête, ou d'être à moitié endormi.  
Signification : Somnoler, S'assoupir, Être à moitié endormi, Hoquetant du chef.  
Contexte : On l'utilise généralement en combinaison avec le verbe する (suru, faire/être) pour former ウツラウツラする.";"授業中にウツラウツラしてしまった。
Je me suis assoupi (j'ai somnolé) pendant le cours. 

彼は電車の揺れでウツラウツラしている。
Il est en train de s'assoupir (de somnoler) à cause du mouvement du train. 

疲れていて、ついウツラウツラしてしまう。	
Je suis fatigué et je ne peux pas m'empêcher de m'assoupir.
"
Gitaigo;Enfant qui joue;ワイワイ;Wai-wai;"Signification : Clameur joyeuse, Brouhaha animé, Vigoureusement et bruyamment, En s'amusant bruyamment.  
Contexte : Il est couramment utilisé pour décrire des enfants qui jouent bruyamment, des amis qui discutent et rient lors d'une fête, ou des personnes qui se rassemblent dans une atmosphère énergique et agréable.
";"友達とワイワイとパーティーをした。
On a fait la fête joyeusement (avec beaucoup de bruit) entre amis.

たまにはみんなで集まってワイワイやるのもいいね。
C'est bien de se réunir de temps en temps et de s'amuser bruyamment. 

公園から子供たちのワイワイという声が聞こえる。
On entend la clameur joyeuse des enfants depuis le parc. 
"
Gitaigo;Être négligent ou distrait;ウカウカ;Uka-uka;"Signification de ウカウカ (Ukauka) 

ウカウカ (Ukauka) décrit l'état d'une personne qui manque de vigilance ou de sérieux et se permet d'être distraite ou négligente, souvent lorsqu'elle devrait être prudente ou active. 
 Signification : Être insouciant, Être négligent, Manquer de vigilance, Se laisser aller. 
 Contexte : On l'utilise généralement avec le verbe する (suru, faire/être) pour former ウカウカする. Il est souvent utilisé à la forme négative (ウカウカしてられない - Ukauka shite rare nai) pour exprimer qu'on ne peut pas se permettre d'être insouciant.";"試験前だから、ウカウカしていられない。
Puisque c'est avant l'examen, je ne peux pas me permettre d'être négligent. (Je dois étudier !) 

同僚が成績を上げているから、私もウカウカしてられない。
Comme mes collègues améliorent leurs résultats, je ne peux pas baisser ma garde. 

ウカウカしていたせいで、電車に乗り遅れた。 
J'ai manqué le train parce que j'étais négligent/distrait.
"
Gitaigo;Flirter devant d'autres personnes sans se soucier de leur présence;イチャイチャ;Icha-icha;"いちゃいちゃ (Icha-icha) décrit l'état d'un couple qui se livre à des gestes tendres ou affectueux en public d'une manière qui peut être considérée comme trop démonstrative ou excessivement ""collante"" par les autres.  

Signification : Roucouler, Se faire des mamours, Être ""love-dovey"", Flirter de manière trop publique.  
Contexte : On l'utilise presque toujours avec le verbe する (suru, faire/être) pour former いちゃいちゃする (se faire des mamours/roucouler).";"公園でカップルがいちゃいちゃしていた。
Un couple était en train de se faire des mamours dans le parc.

「もう、人前でいちゃいちゃしないで！」
« Arrêtez de vous faire des mamours en public ! »

彼らはいつもいちゃいちゃしているね。
Ils sont toujours en train de roucouler, n'est-ce pas ?
"
Gitaigo;Sauter;ウハウハ;Uha-uha;"ウハウハ (Uhauha) décrit l'état d'être follement heureux et euphorique, souvent avec l'implication d'avoir fait une bonne affaire ou d'avoir reçu un avantage inattendu.  

Signification : Extasié, Aux anges, Gagner gros, Être comblé de bonheur (souvent avec une nuance d'argent).  
Contexte : On l'utilise généralement avec le verbe する (suru, faire/être) ou pour décrire l'humeur d'une personne qui sourit de toutes ses dents à cause de sa bonne fortune.";"宝くじに当たってウハウハだ。 
J'ai gagné à la loterie et je suis aux anges ! (ou : Je nage dans le bonheur !)

株で儲けて、今はウハウハしている。
J'ai fait de l'argent avec mes actions et je suis en pleine euphorie.

あのプロジェクトが成功すれば、みんなウハウハになるだろう。
Si ce projet réussit, tout le monde va être super content (et avantagé).
"
Gitaigo;Se sentir incommodé;オドオド;Odo-odo;" オドオド (Odoodo) est une onomatopée japonaise (gitaigo) qui décrit l'état d'une personne nerveuse ou intimidée. 

Signification de オドオド (Odoodo) オドオド (Odoodo) exprime le comportement d'une personne qui manque d'assurance, d'aplomb, et qui semble hésiter ou être mal à l'aise dans une situation. 

Signification : Hésitant, Timide, Nerveux, Intimidé, Embarrassé. 
Action : Le mot suggère souvent des gestes tremblants, une posture recroquevillée, un regard fuyant, ou un bégaiement.  
Contexte : Il est couramment utilisé avec le verbe する (suru, faire/être) pour former オドオドする (être nerveux/hésiter) ou l'adverbe オドオドと (odoodo to, timidement).";"彼女は人前でいつもオドオドしてしまう。 
Elle est toujours nerveuse/timide devant les autres.

怒られるのが怖くて、オドオドと接してしまう。
J'ai peur de me faire gronder, alors je me comporte timidement (en hésitant).

オドオドしないで、はっきり言いなさい。
Ne sois pas si hésitant/nerveux, dis-le clairement.

"
Gitaigo;Somnoler;ウトウト;Uto-uto;"ウトウト (Utouto) exprime l'état d'être somnolent et de hocher la tête sans être complètement endormi. C'est l'état de la sieste légère ou de l'assoupissement momentané.  

Signification : Somnoler, S'assoupir, Hoquetant du chef, Être dans un état de demi-sommeil.  
Contexte : Il est le plus souvent utilisé avec le verbe する (suru, faire/être) pour former ウトウトする (somnoler).";"電車の中でウトウトして、駅を寝過ごした。
J'ai somnolé (m'assoupissait) dans le train et j'ai dépassé ma station.

日向ぼっこをしていると、ウトウトしてしまう。
Quand je me prélasse au soleil, je finis par somnoler.

授業中、眠くてついにウトウトしてしまった。
 J'étais si fatigué pendant le cours que j'ai fini par m'assoupir.
"
Gitaigo;Manger;ムシャムシャ;Musha-musha;"ムシャムシャ (Musha-musha) est le son de quelqu'un qui mâche de la nourriture, souvent rapidement et avec un bruit de froissement ou de croquement.  

Signification : Manger bruyamment, Mâchonner, Croquer bruyamment, Dévorer.  
Contexte : Il s'applique particulièrement bien aux aliments qui craquent ou aux aliments que l'on mange de manière rapide et peu élégante (un peu comme l'anglais ""munching""). Il est souvent utilisé avec le verbe 食べる (taberu, manger) ou する (suru, faire/être).";"お腹が空いて、サンドイッチをムシャムシャ食べた。
J'avais faim, alors j'ai dévoré (mâchonné) le sandwich bruyamment.

彼はポテトチップスをムシャムシャと食べている。
Il est en train de croquer bruyamment (mâchonner) des croustilles.

ウサギが草をムシャムシャ食べていた。
Le lapin était en train de mâchonner bruyamment l'herbe.
"
Gitaigo;Mastiquer;ガブガブ;Gabu-gabu;"ガブガブ (Gabugabu) imite le son et l'action de boire de grandes quantités de liquide rapidement et bruyamment, comme quelqu'un de très assoiffé ou qui a soif.  

Signification : Goulûment, Boire à grandes gorgées, Siffler (une boisson). 
Contexte : Il est utilisé pour exprimer la consommation vigoureuse de boissons, souvent après un effort physique ou lorsque l'on a très soif. On l'utilise généralement avec le verbe 飲む (nomu, boire) pour former ガブガブ飲む.";"運動の後、水をガブガブ飲んだ。
Après l'exercice, j'ai bu de l'eau à grandes gorgées (j'ai sifflé l'eau). 

喉がカラカラで、ビールをガブガブと飲んだ。
J'avais la gorge sèche, alors j'ai bu la bière goulûment.

"
Gitaigo;Tourner en rond;イソイソ;Iso-iso;"イソイソ (Isoiso) décrit l'état d'une personne qui est joyeuse, légère et qui se dépêche de faire quelque chose par enthousiasme ou anticipation. Ce n'est pas une hâte paniquée, mais plutôt un mouvement vif motivé par un sentiment agréable.  

Signification : Gaiment, Vivement, Légèrement, D'un air enjoué et pressé.  
Contexte : On l'utilise généralement avec le verbe する (suru, faire/être) pour former イソイソする ou l'adverbe イソイソと (isoiso to, d'un air enjoué). Il décrit souvent l'action de quitter un lieu ou de se préparer pour quelque chose.";"彼女はデートのためにイソイソと準備している
Elle se prépare gaiment (avec entrain) pour son rendez-vous.

彼は友達に会うためにイソイソと出掛けていった。
Il est parti vivement (avec joie) pour retrouver ses amis.

イソイソした気分で家に向かった。 
Je suis rentré chez moi avec un sentiment de légèreté et d'excitation.
"
Gitaigo;Être à l'aise;ノビノビ;Nobi-nobi;"ノビノビ (Nobinobi) vient du verbe 伸びる (nobiru), qui signifie ""s'étirer"" ou ""se prolonger"". En tant qu'onomatopée, il décrit le sentiment d'être complètement à l'aise, sans stress ni contraintes, comme si l'on pouvait s'étirer et se détendre sans limite.  

Signification : À l'aise, Détendu, Sans contrainte, Librement, Serein.  
Contexte : Il est souvent utilisé pour décrire l'ambiance d'un lieu (spacieux, relaxant) ou le développement et la croissance (d'un enfant, d'un talent) sans pression. On l'utilise le plus souvent avec le verbe する (suru, faire/être) pour former ノビノビする.";"休暇でノビノビ過ごしている。
Je passe mes vacances en toute décontraction (à mon aise).

田舎の家で子供をノビノビと育てたい。
Je veux élever mes enfants librement (sans contraintes) à la campagne. 

この職場ではノビノビと仕事ができる。 
Je peux travailler à mon aise (librement) dans ce lieu de travail."
Gitaigo;Être tendre et moelleux;フワフワ;Fuwa-fuwa;"フワフワ (Fuwafuwa) a deux significations principales :  Texture : Il décrit quelque chose de très doux, spongieux, léger et gonflé au toucher, comme un nuage ou un gâteau aéré.  Mouvement : Il décrit un mouvement léger, flottant ou aérien, comme quelque chose qui flotte doucement dans l'air ou à la surface de l'eau.  

Signification : Moelleux, Flou, Doux comme du coton, Aérien, Flottant légèrement.  
Contexte : On l'utilise souvent avec la particule と (to) pour décrire une action
 (フワフワと浮く - fuwafuwa to uku, flotter légèrement) ou comme un adjectif pour décrire un objet (フワフワのパン - fuwafuwa no pan, pain moelleux).";"このスポンジケーキはフワフワだね。
Ce gâteau éponge est si moelleux !

子犬の毛はフワフワしていて可愛い。
La fourrure du chiot est duveteuse et mignonne.

青空に雲がフワフワと浮いている。
Des nuages légers flottent doucement dans le ciel bleu."
Gitaigo;Gargouiller;ペコペコ;Peko-peko;"La faim intense (Le plus commun) C'est l'onomatopée la plus courante pour exprimer une faim extrême ou le gargouillement de l'estomac. Le son ""peko"" suggère l'estomac qui se creuse ou se dégonfle (comme une bosse ou une dépression).  

Signification : Affamé, Avoir le ventre qui gargouille, Mourir de faim.  
Expression typique : お腹がぺこぺこ (Onaka ga pekopeko - Mon ventre est pekopeko / J'ai très faim).  

L'action de s'incliner excessivement Il décrit l'action de s'incliner (faire l'ojigi) de manière répétée et excessive. Dans ce contexte, il a une connotation négative de servilité ou de flagornerie, suggérant que l'on s'incline trop bas ou trop souvent pour plaire à quelqu'un.  

Signification : Faire des courbettes, S'incliner servilement, Être obséquieux.";"もう、ぺこぺこだよ！
J'ai très, très faim ! (littéralement : mon ventre fait pekopeko !) 

ぺこぺこだから、早く食べたい。	
Puisque j'ai faim, je veux manger rapidement.  Exporter vers Sheets 
"
Gitaigo;Sourire;ニコニコ;Niko-niko;"ニコニコ (Nikoniko) exprime l'apparence ou l'état d'une personne qui sourit de manière chaleureuse, aimable et constante. C'est un sourire qui reflète le bonheur, la bonne humeur ou la bienveillance. 

Signification : Sourire gaiement, Rayonnant, Avoir un air aimable, Tout sourire.  
Contexte : On l'utilise généralement avec le verbe する (suru, faire/être) pour former ニコニコする (sourire de bon cœur) ou l'adverbe ニコニコと (nikoniko to, avec un sourire).";"おいしいごはんを食べて、ニコニコだった。
J'ai mangé un délicieux repas et j'étais tout sourire.

山田さんはいつもニコニコしています。
M. Yamada est toujours souriant (d'un air aimable)."
Gitaigo;Être silencieux;シイーン;Shiīn;"Signification : Silence de mort, Silence absolu, Un blanc. 

Contexte :  
Silence réel : Utilisé pour décrire un endroit où il n'y a absolument aucun bruit.  
Silence social (Le plus fréquent) : Très couramment utilisé dans les mangas, les films ou les conversations pour souligner un silence gênant après une blague ratée, une remarque maladroite, ou une révélation inattendue.";"真夜中、辺りはシーンと静まり返っていた。
Au milieu de la nuit, les environs étaient plongés dans un silence absolu.

彼のジョークには誰も笑わず、教室はシーンとなった。 
Personne n'a ri à sa blague, et la classe est tombée dans un silence gênant.

その知らせを聞いて、会場全体がシーンとした。 
 En entendant cette nouvelle, toute la salle est restée figée dans le silence.
"
Gitaigo;Scintiller;ピカピカ;Pika-pika;"ピカピカ (Pikapika) a deux significations clés qui se rejoignent dans l'idée de l'éclat :  

Propreté/Éclat : Il décrit l'état d'une surface qui a été polie ou nettoyée à un point où elle brille ou scintille (comme une voiture neuve ou un plancher fraîchement ciré).  
Neuf/Immaculé : Il est souvent utilisé pour décrire quelque chose qui est neuf ou dans un état impeccable, comme si cela brillait d'originalité. (Par exemple, un ""élève de première année tout neuf"" pikapika no ichinensei).  
Signification : Éclatant, Brillant, Propre et lustré, Neuf, Scintillant.  
Contexte : On l'utilise généralement avec le verbe する (suru, faire/être) pour former ピカピカする ou comme un adjectif pour décrire un objet (ピカピカの).";"床をピカピカに磨いた。
 J'ai poli le plancher jusqu'à ce qu'il soit brillant.   

ピカピカの新車を買った。 
J'ai acheté une voiture flambant neuve (éclatante).

ピカピカの一年生。
 Un élève de première année tout neuf (un petit nouveau).
"
Gitaigo;Regarder intensément;ジロジロ;Jiro-jiro;"ジロジロ (Jirojiro) représente l'acte de fixer du regard, souvent d'une manière qui met l'autre personne mal à l'aise ou qui manque de discrétion. L'idée est de regarder attentivement, de haut en bas ou de manière prolongée, comme si l'on analysait ou jugeait.  

Signification : Regarder fixement, Dévisager, Lorgner, Regarder de manière insistante/impolie.  
Contexte : On l'utilise toujours avec le verbe 見る (miru, regarder) pour former ジロジロ見る (dévisager).";"私の服をジロジロ見ないでください。 
S'il vous plaît, ne dévisagez pas mes vêtements (ne les regardez pas de manière insistante).

彼は初対面の人をジロジロ見る癖がある。
Il a l'habitude de dévisager les gens qu'il rencontre pour la première fois.

通りがかりの人々にジロジロ見られて、居心地が悪かった。
Je me sentais mal à l'aise d'être fixé du regard par les passants.
"
Gitaigo;Être prostré;グズグズ;Guzu-guzu;"Signification de グズグズ (Guzuguzu) グズグズ (Guzuguzu) peut décrire :  

La Lenteur et la Procrastination (Le plus commun) Il exprime l'action de traîner, d'hésiter ou de remettre à plus tard ce qui doit être fait. C'est l'attitude d'une personne lente et indécise.  

Signification : Hésiter, Traîner, Perdre son temps, Lentement, Paresseusement.  
Exemple : グズグズしないで (Guzuguzu shinai de - Ne traîne pas !)
";"Hésitation / Lenteur	

グズグズしていたら遅刻するよ。
Si tu traînes, tu vas être en retard. 

Plaintes / Pleurnicherie	

彼はいつもグズグズと文句を言う。
Il se plaint toujours en gémissant doucement. 

Nez qui coule	

花粉症でグズグズが止まらない
À cause du rhume des foins, mon nez qui coule (le reniflement) ne s'arrête pas."
Gitaigo;Jeter un coup d'œil à la dérobée;チラ;Chira;"Signification de チラ (Chira) 

チラ (Chira) exprime l'idée de quelque chose qui se produit rapidement, momentanément ou de manière intermittente.  
Signification : Furtivement, Un instant, Bref aperçu, Clignement (léger).  
Contexte : On l'utilise généralement sous différentes formes (チラッと, チラリ, チラチラ) selon ce que l'on veut décrire :";"Regard Furtif	

彼女は私にチラッと目をやった。	
Elle m'a jeté un coup d'œil furtif. 

Aperçu Rapide	

答えをチラッと見ただけだ。
J'ai juste aperçu la réponse (brièvement). 

Lumière/Mouvement	

星がチラチラ光っている
Les étoiles scintillent (faiblement) / La lumière clignote.
"
Gitaigo;Se brosser les dents;ゴシゴシ、 チャカチャカ;Goshi-goshi, Chaka-chaka;"ゴシゴシ (Goshigoshi) 

ゴシゴシ (Goshigoshi) est une onomatopée japonaise (giongo) qui représente le son et l'action de frotter ou brosser vigoureusement.  
Signification : Vigoureusement, En frottant durement, En brossant de force.  
Contexte : On l'utilise le plus souvent pour décrire l'action de nettoyer quelque chose en appliquant une force considérable.";"たわしで鍋をゴシゴシと洗う。	
Je frotte la casserole vigoureusement avec une brosse. 

目をゴシゴシ擦りすぎないで
Ne te frotte pas trop les yeux (fortement). 

床をゴシゴシ磨いてきれいにした。
J'ai frotté le sol fort pour le rendre propre.
"
Gitaigo;Pleurnicher;メソメソ;Meso-meso;" メソメソ (Mesomeso) est une onomatopée japonaise (gitaigo) qui décrit l'action de pleurer doucement et de façon persistante, souvent en geignant ou en gémissant.  

Signification de メソメソ (Mesomeso) 
メソメソ (Mesomeso) se concentre sur l'attitude d'une personne qui pleure de manière faible, plaintive, et indécise, plutôt que le bruit fort des sanglots. 
Il est souvent utilisé pour désigner une personne qui se lamente, pleurniche ou reste misérablement attachée à sa peine. 

 Signification : Pleurnicher, Geindre, Gémir doucement, Se lamenter de façon misérable.  
Connotation : L'expression est souvent utilisée de manière négative ou pour exhorter quelqu'un à se ressaisir.";"いつまでメソメソしてるんだ。	
Combien de temps vas-tu encore pleurnicher ? (Un appel à se ressaisir.) 

彼は部屋の隅でメソメソと泣いていた。	
Il pleurait doucement (en geignant) dans le coin de la pièce. 

メソメソしないで、もっと元気を出しなさい。	
Arrête de te lamenter et reprends courage.
"
Gitaigo;Pleurer fort;ワーワー;Wā-wā;"ワーワー (Wāwā) est principalement utilisé pour décrire deux situations bruyantes :  

1. Clameur / Tumulte Il décrit le son d'une foule, de nombreuses personnes qui parlent ou crient fortement et de manière confuse. C'est le bruit d'une animation bruyante ou d'un désordre sonore.  
Signification : Clameur, Tumulte, Vacarme, Brouhaha.  Exemple : ワーワー騒ぐ (Wāwā sawagu - Faire un vacarme bruyant).  
Note : Similaire à ワイワイ (Waiwai), mais ワーワー peut avoir une connotation plus forte, voire de désordre.  

2. Pleurs Forts d'un Enfant Il représente le bruit aigu et fort d'un bébé ou d'un enfant qui pleure (souvent de manière capricieuse ou inconsolable).  
Signification : Pleurer bruyamment, Crier fort (en pleurant).  Exemple : 赤ちゃんがワーワー泣いている。 (Akachan ga wāwā naiteiru. - Le bébé pleure bruyamment.)";"Clameur	
観客がワーワーと声援を送った。	
Les spectateurs criaient fort (faisaient un brouhaha) pour encourager. 

Pleurs	
迷子の子供がワーワー泣き出した。	
L'enfant perdu s'est mis à pleurer bruyamment. 

Bruit excessif	
ワーワーうるさい！静かにして。	
Quel vacarme ! Taisez-vous. 
"
Gitaigo;Avoir le cafard;クサクサ;Kusa-kusa;"Signification de クサクサ (Kusakusa) 

クサクサ (Kusakusa) décrit un sentiment d'irritation légère ou de malaise émotionnel causé par l'ennui, la frustration ou un petit désagrément qui s'accumule. C'est l'état d'être maussade, abattu, ou simplement de mauvaise humeur sans raison majeure.  
Signification : Être de mauvaise humeur, Être ennuyé/bougon, Avoir le cafard (légèrement), Se sentir frustré.  
Contexte : On l'utilise généralement avec le verbe する (suru, faire/être) pour former クサクサする (kusakusa suru) : se sentir de mauvaise humeur.  

クサクサ vs イライラ (Iraira) 
クサクサ (Kusakusa) : C'est une mauvaise humeur interne et un malaise général, un ennui morose ou un léger cafard.  
イライラ (Iraira) : C'est une irritation plus vive et active, l'impatience ou la colère qui monte.  ";"何かあったの？クサクサしているね。	
Qu'est-ce qui ne va pas ? Tu as l'air de mauvaise humeur. 

仕事が暇で、毎日クサクサする。	
Le travail est ennuyeux, je suis de mauvaise humeur tous les jours (je m'ennuie fermement). 

気分がクサクサしているから、散歩に出かけよう。
Je suis d'humeur maussade, allons nous promener.
"
Gitaigo;Yoyoter de la touffe;クルクルパ;Kuru-kurupa;"Signification de クルクルパ (Kurukuru Pā) 

Cette expression est utilisée pour désigner quelqu'un qui est stupide, fou, ou dérangé mentalement.  Sens littéral (approximatif) : Le terme est dérivé de クルクル (kurukuru - rond et rond/tournant) et パー (pā - qui peut désigner la paume d'une main ouverte ou, dans l'argot, la stupidité). L'image suggérée est que quelque chose dans la tête de la personne tourne en rond et est vide ou cassé.  
Signification : Stupide, Idiot, Fou, Délirant, Complètement à côté de la plaque.  
Connotation : C'est un terme très péjoratif et grossier. Il est à éviter dans les conversations polies et est surtout entendu dans les milieux informels, les mangas ou les anime";"あいつは本当にクルクルパーだ
Cet(te) idiot(e) est vraiment stupide (complètement dingue). 

そんなことをするなんて、頭がクルクルパーになったの？	
Faire une chose pareille, tu es devenu complètement fou ?
"
Gitaigo;Donner le tournis;クラクラ;Kura-kura;"Signification de クラクラ (Kurakura) 

クラクラ (Kurakura) représente la sensation physique désagréable où l'on se sent chancelant, vertigineux ou sur le point de s'évanouir.  
Signification : Étourdi, Pris de vertiges, Tête qui tourne, Légèrement nauséeux.  
Contexte : On l'utilise toujours avec la partie du corps concernée (généralement la tête) et le verbe する (suru, faire/être) pour former クラクラする (kurakura suru).";"立ち上がったら頭がクラクラした。
Ma tête a tourné (j'ai eu des vertiges) quand je me suis levé. 

熱でクラクラして、まっすぐ歩けない。
Je suis étourdi à cause de la fièvre et je n'arrive pas à marcher droit. 

眩暈で目がクラクラする。
Mes yeux sont étourdis à cause du vertige.
"
Gitaigo;Marcher sans but, flâner;ブラブラ;Bura-bura;"ブラブラ (Burabura) décrit le mouvement d'un objet lourd ou souple qui pend ou se balance mollement.  

Signification : Pendre, Se balancer lâchement, Dandiner.  
Contexte : Souvent utilisé pour les jambes, les bras, les feuilles dans le vent ou des objets suspendus. 

 例 (Exemple) : ブランコで足をブラブラさせる。 (Buranko de ashi o burabura saseru. - Se dandiner des pieds sur une balançoire.)";"週末は街をブラブラした
J'ai flâné en ville pendant le week-end. 


仕事がないので、家でブラブラしている。	Shigoto ga nai node, ie de burabu

ra shiteiru.	Comm
son. 用事もなくブラブラ歩くのが好きだ。	Yōji mo naku burabura aruku no ga suki da.	J
'aime me promener nonchalamment sans rien à faire de particulier. "
Gitaigo;Être trempé (tout mouillé);ビショビショ;Bisho-bisho;"Signification de ビショビショ (Bishobisho) 

ビショビショ exprime une saturation complète par l'eau ou un autre liquide. Il n'est pas utilisé pour une simple humidité, mais pour un état de trempage total.  
Signification : Complètement trempé, Détrempé, Trempé jusqu'aux os, Gorgé d'eau.  
Contexte : Souvent utilisé pour les vêtements, les cheveux ou le sol après une forte pluie, un accident avec de l'eau, ou une transpiration excessive.";"ビショビショ (に濡れる)	
Devenir complètement trempé (forme de base) 

びっしょり (濡れる)	
Complètement trempé (souvent utilisé comme adverbe) 

ビショ濡れ	
Détrempé (mot composé signifiant ""trempé-trempé"") "
Gitaigo;Faire quelque chose de justesse;ギリギリ;Giri-giri;"Au dernier moment / À la limite (Le plus courant) 

ギリギリ est l'une des expressions japonaises les plus utiles pour indiquer que quelque chose se produit juste à la limite ou de façon extrêmement juste.  
Signification : De justesse, Juste à temps, À la limite, À l'extrême limite.  
Contexte : Utilisé pour le temps, l'argent, la distance, ou la tolérance.  
Expression populaire : ギリギリセーフ (Girigiri Sēfu - Tout juste sauvé/réussi, de justesse).

Son de Grincement / Frottement 

ギリギリ peut aussi être une onomatopée (giongo) décrivant un son de grincement, de broyage, ou de frottement intense et strident.  
Signification : Grincer, Frotter bruyamment, Broyer.  
Contexte : Souvent utilisé pour le grincement des dents, des charnières rouillées, ou le bruit d'un métal frottant contre un autre.";"電車にギリギリ間に合った。		
J'ai attrapé le train de justesse. 

締め切りギリギリまで勉強する。	
J'étudie jusqu'à la dernière minute avant la date limite. 

悔しくて歯をギリギリと噛んだ。	
J'ai grincé des dents de frustration. 

ドアがギリギリと音を立てて開いた。	
La porte s'est ouverte en grinçant (bruyamment).


予算ギリギリで旅行をした。	
J'ai voyagé avec un budget serré (à la limite du budget). 
"
Gitaigo;Être radin;ケチケチ;Kechi-kechi;"Signification de ケチケチ (Kechikechi) 

ケチケチ est la forme répétée de ケチ (kechi), qui signifie « avare » ou « mesquin ». La répétition intensifie le sens et le rend plus adverbial, décrivant une manière d'agir.  
Signification : Avarement, Mesquinement, Économiser chichement, Économiser sur tout.  
Contexte : Utilisé pour critiquer quelqu'un qui est trop réticent à dépenser de l'argent, même pour des nécessités, ou pour se plaindre de la mesquinerie d'une situation.";"そんなにケチケチしないで、たまには外食しようよ。	
Arrête d'être si chiche (d'économiser sur tout), sortons manger de temps en temps ! 

彼は小銭までケチケチ貯めている。	
Il économise mesquinement même les petites pièces. 

ケチケチした生活は嫌だ。	
Je déteste une vie passée à être excessivement économe.
"
Gitaigo;Regarder autour de soi avec effarement ou curiosité;キョロキョロ;Kyoro-kyoro;"Signification de キョロキョロ (Kyorokyoro) 

キョロキョロ exprime le mouvement rapide des yeux ou de la tête lorsque l'on cherche quelque chose, que l'on est perdu, ou que l'on se sent anxieux dans un nouvel environnement.  
Signification : Regarder de tous côtés, Jeter des regards furtifs et répétés, Faire le tour de l'horizon (visuellement).  
Connotation : L'action de regarder キョロキョロ est souvent associée à l'image de quelqu'un de curieux, d'anxieux, ou de perdu, ce qui peut le faire paraître suspect.";"知らない街でキョロキョロする。	
Regarder de tous côtés dans une ville inconnue (avoir l'air perdu). 

彼は周りをキョロキョロ見て、誰かを探していた。	
Il regardait autour de lui (nerveusement), cherchant quelqu'un. 

キョロキョロしていると、不審者に見られるよ。	
Si tu regardes partout comme ça, les gens vont te prendre pour quelqu'un de suspect."
Gitaigo;Faire les gros yeux, rouler des yeux;ギョロギョロ;Gyoro-gyoro;"Signification de ギョロギョロ (Gyorogyoro) 

ギョロギョロ est similaire à キョロキョロ (Kyorokyoro - regarder partout nerveusement), mais il a une connotation plus forte. Il décrit l'action de rouler les yeux de manière visible ou saillante et de regarder intensément.  
Signification : Rouler des yeux (intensément), Regarder avec des yeux écarquillés/globuleux, Jeter un regard fixe.  
Connotation : Cette action est souvent associée à l'image de quelqu'un de surpris, d'inquiet, de méfiant, ou ayant de grands yeux ronds et saillants.";"彼は不安そうに目をギョロギョロさせた。	
Il roulait des yeux de façon inquiète (agitée). 

大きな目がギョロギョロしている。	
Ses grands yeux roulent (ou : Il a des yeux globuleux). 

見知らぬ男がギョロギョロとあたりを見回した。	
L'homme inconnu regarda autour de lui avec des yeux méfiants/ronds.
"
Gitaigo;Avoir une érection pénienne;モッコリ;Mokkori;"Signification de モッコリ (Mokkori) 

1. Sens général (Rare) 

モッコリ décrit une chose qui s'élève ou fait saillie par rapport à la surface environnante, créant une forme ronde ou bombée.  
Signification : Bomber, Faire saillie, Être gonflé (en volume).  
Exemple théorique : 山の頂上がモッコリと盛り上がっている。 (La cime de la montagne s'élève de manière bombée.)  

2. Sens commun (Connotation) 

C'est l'usage de loin le plus courant de ce mot, en particulier dans les médias, les mangas, et le langage argotique.  
Signification : Le fait que les organes génitaux masculins fassent saillie ou forment une bosse visible sous les vêtements (pantalon, drap, etc.). Érection.  
Connotation : Fortement suggestive, utilisée pour l'humour coquin ou la référence à l'érection.  
Le mot est particulièrement connu grâce au personnage de Ryo Saeba (Nicky Larson) dans le manga et anime City Hunter (Nicky Larson), qui crie souvent « モッコリ » en voyant une jolie femme.";"モッコリしたTシャツ。	
Un tee-shirt bombé (souvent ironiquement utilisé pour la poitrine ou les muscles). 

シーツがモッコリと膨らんでいる。	
Le drap fait une bosse (allusion claire à une érection).
"
Gitaigo;S'élever rapidement;ムクムク;Muku-muku;"Signification de ムクムク (Mukumuku)

L'expression est utilisée dans plusieurs contextes pour décrire une augmentation ou une apparition, souvent de manière subite ou irrésistible.  

1. Soulèvement / Augmentation de Volume Décrit un mouvement de grossissement lent et doux ou quelque chose qui se lève ou se gonfle en volume.  
Contexte : Utilisé pour l'apparition de fumée, de nuages, ou pour la croissance soudaine d'un objet. 

2. Sensation Physique / Émotion Décrit une sensation interne qui monte ou se développe.  

Contexte : Utilisé pour le réveil, un élan émotionnel, ou l'apparition d'une idée.  例 (Exemple) : 勇気がムクムクと湧いてきた。 (Yūki ga mukumuku to waite kita. - Le courage est monté en moi.)  例 (Exemple) : ベッドからむくむくと起き上がる。 (Beddo kara mukumuku to okiagaru. - Se rouler hors du lit (l'action de se lever d'un mouvement rond).)  3. Description d'Apparence Peut aussi décrire un aspect potelé ou doux/pelucheux.  Signification : Potelé, Gros, Pelucheux.  Exemple théorique : ムクムクした猫。 (Un chat potelé/tout doux.)";"雲がムクムクと大きくなる。 
Les nuages grossissent de manière bombée.)

 例 (Exemple) : 勇気がムクムクと湧いてきた。
Le courage est monté en moi.)

ベッドからむくむくと起き上がる。 
Se rouler hors du lit (l'action de se lever d'un mouvement rond).

"
Gitaigo;Être distant, morose, mordant;ツンツン;Tsun-tsun;"1. Comportement : Froid et Distant (Le plus courant)

ツンツン (Tsuntsun) est le plus souvent utilisé pour décrire l'attitude d'une personne qui est froide, distante, maussade ou revêche envers les autres.  
Signification : Distant, Hautain, Bourru, Revêche.  
Contexte : Souvent associé à la personnalité d'une personne qui semble de mauvaise humeur ou qui refuse de montrer ses vrais sentiments. C'est l'un des deux éléments de l'archétype ツンデレ (Tsundere), où le personnage est d'abord ツンツン (froid) avant de devenir デレデレ (affectueux).

2. Sensation Physique : Piqûre / Odeur Aigre 

ツンツン peut aussi décrire une sensation physique de picotement ou de piqûre (souvent légère et répétée), ou une odeur piquante.  
Signification : Piquant, Aigre, Picoter.  Contexte : Utilisé pour une odeur forte qui pique le nez (comme l'ammoniaque) ou une douleur légère et pointue.";"彼女はいつも私にツンツンしている。	
Elle est toujours distante (revêche) avec moi. ツンツンしないで、

正直な気持ちを言いなさい。	
Arrête d'être hautain, dis-moi ce que tu penses vraiment.

ワサビのにおいが鼻をツンツン刺激する。	
L'odeur du wasabi pique (stimule) le nez. 

針でツンツンと刺す。	
Piquer (quelque chose) avec une aiguille (légèrement et à plusieurs reprises).

"
Gitaigo;Être ramolli d'amour;デレデレ;Dere-dere;"Signification de デレデレ (Deredere) 

デレデレ exprime l'attitude de quelqu'un qui est tellement amoureux ou ébloui par une personne qu'il en devient ridicule, excessivement doux, ou niais.  
Signification : Être gaga/follement épris, Être mielleux/trop affectueux, Flatter sans vergogne, Être dégingandé (par amour).  
Connotation : C'est souvent une description négative ou humoristique du comportement, suggérant un manque de dignité ou de contrôle de soi face à la personne aimée.  
Contexte célèbre : デレ (dere) est l'élément affectueux du célèbre archétype ツンデレ (Tsundere), où le personnage passe de ツンツン (froid/distant) à デレデレ (affectueux/gaga).

";"彼女の前だと彼はいつもデレデレだ。	
Devant elle, il est toujours gaga (excessivement affectueux). 

彼のデレデレした話し方が気持ち悪い。	
Sa façon de parler trop mielleuse est déplaisante. 

新婚の夫は妻にデレデレだ。	
Le mari nouvellement marié est complètement fou (gaga) de sa femme.
"
Gitaigo;Se hâter;セカセカ;Seka-seka;"Signification de セカセカ (Sekaseka) 

セカセカ exprime le sentiment d'être toujours d'une impatience excessive, agité, ou en train d'agir de façon précipitée et sans calme. Il a généralement une connotation négative ou critique, suggérant un manque de sérénité.  
Signification : Précipitamment, Hâtivement, Être agité/nerveux, Se dépêcher tout le temps.  
Contexte : Souvent utilisé pour décrire quelqu'un qui marche vite, mange vite, ou semble constamment sous pression, n'ayant jamais le temps de se détendre.";"彼はいつもセカセカと歩いている。	
Il marche toujours précipitamment (il est toujours pressé). 

そんなにセカセカしないで、落ち着きなさい。	
Ne sois pas si agité/pressé, calme-toi. 

セカセカした生活に疲れた。	
Je suis fatigué de cette vie trépidante (où l'on est toujours pressé).
"
Gitaigo;Se mouiller;グショグショ;Gusho-gusho;" グショグショ (Gushogusho) est une onomatopée japonaise (gitaigo) décrivant un état d'être complètement trempé et dégoulinant, ou parfois, un état de mollesse saturée.  

Signification de グショグショ (Gushogusho) グショグショ est très similaire à ビショビショ (Bishobisho) qui signifie ""trempé"", mais グショグショ peut souvent impliquer une saturation encore plus extrême, un état de saturation qui mène à la mollesse ou à un léger son de pressage.  
Signification : Totalement détrempé, Gorgé d'eau, Mollement saturé, Pâteux (par l'humidité).  
Contexte : Utilisé pour les vêtements, les cheveux, ou le sol, et souvent avec le verbe 濡れる (nureru, mouiller) ou なる (naru, devenir) pour former グショグショに濡れる (gushogusho ni nureru).  
Formes Similaires Notez que le mot ぐっしょり (gusshori) est également très courant et a exactement le même sens de trempé jusqu'aux os.";"雨で靴がグショグショになった。	
Mes chaussures sont devenues complètement détrempées à cause de la pluie. 

汗でタオルがグショグショだ。	
La serviette est gorgée de sueur. 

涙と鼻水で顔がぐっしょりだ。	
Mon visage est détrempé de larmes et de morve.
"
Gitaigo;Briller;キラキラ;Kira-kira;"キラキラ (Kirakira) est une onomatopée japonaise (gitaigo) qui décrit l'action de briller, de scintiller, ou de miroiter de manière répétée. Il est presque toujours utilisé dans un contexte positif pour dénoter la beauté et la vitalité.  
Signification : Scintillant, Éclatant, Miroitant, Pétillant.  
Connotation : Associé à la beauté, à la joie, à l'innocence, ou à la jeunesse.";"星がキラキラ光っている。	
Les étoiles scintillent. 

キラキラした目。	
Des yeux pétillants/brillants. 

キラキラした未来
Un avenir radieux/brillant.

彼女はとてもキラキラしている。	
Elle est très rayonnante (pleine de vie et d'énergie). 

キラキラの飾り。	
Des décorations scintillantes.
"
Gitaigo;Marcher lentement;ノロノロ;Noro-noro;"Signification de ノロノロ (Noronoro) 

ノロノロ exprime le mouvement ou la progression de quelque chose qui est extrêmement lent, lent comme un escargot, ou paresseux. Il est souvent utilisé pour exprimer l'agacement face à cette lenteur.  
Signification : Lentement, Paresseusement, À un rythme d'escargot, Mollement. 
Connotation : Principalement utilisé pour la vitesse de déplacement (personne, véhicule) ou la vitesse d'une tâche. La connotation est souvent négative, synonyme de traîner ou de bouchon.";"車がノロノロと進んでいる。		
La voiture avance lentement (au ralenti/bouchon). 

ノロノロしないで、急いで！	
Arrête de traîner (d'être lent) et dépêche-toi ! 

彼はノロノロした手つきで作業をした。	
Il a effectué le travail avec des mouvements lents et lourds. 
"
Gitaigo;Lécher;ペロペロ;Pero-pero;"Signification de ペロペロ (Peropero) 

ペロペロ est l'équivalent sonore et visuel du fait de lécher, que ce soit pour manger, pour nettoyer, ou par affection (pour les animaux).  
Signification : Lécher (de manière répétée), Passer sa langue sur.  
Contexte : Utilisé pour l'action de lécher une glace, une sucette, un plat, ou pour les animaux qui se lèchent ou lèchent quelque chose/quelqu'un.";"子供はアイスをペロペロなめた。	
L'enfant a léché sa glace. 

猫が毛をペロペロなめてきれいにした。	
Le chat a léché sa fourrure pour se nettoyer. 

皿までペロペロなめたいくらい美味しい。	
C'est si délicieux que j'en lécherais l'assiette."
Gitaigo;Être distrait;ウカウカ;Uka-uka;"Signification de ウカウカ (Ukauka) 

ウカウカ exprime l'état de ne pas faire suffisamment attention à ce qui se passe autour de soi, de baisser sa garde, ou d'être trop décontracté face à une situation qui requiert de la vigilance. Il est souvent utilisé dans la forme négative pour exprimer la nécessité d'être vigilant.  
Signification : Être insouciant, Être inattentif/négligent, Baisser sa garde.  
Connotation : Négative, suggérant que l'insouciance peut entraîner des conséquences fâcheuses.";"ウカウカしていたら、チャンスを逃すぞ。	
Si tu es insouciant, tu vas manquer ta chance. 

試験が近いから、ウカウカしていられない。	
L'examen est proche, donc je ne peux pas me permettre de baisser ma garde. 

彼はウカウカと過ごしている。	
Il passe son temps sans se soucier de rien (avec insouciance)."
Gitaigo;Être hésitant;イジイジ;Iji-iji;"Signification de イジイジ (Iji'iji) 

イジイジ exprime l'état mental ou physique de quelqu'un qui traîne des pieds, qui est incapable de prendre une décision, ou qui se plaint sans agir. Il est souvent associé à la faiblesse de caractère ou à la confusion.  
Signification : Hésitant, Timide, Indécis, Lamentable (dans l'attitude). 
Connotation : Négative, suggérant un manque de courage ou de volonté.";"イジイジしていないで、はっきり言いなさい。	
Arrête d'hésiter (de te lamenter) et dis-le clairement. 

彼はいつもイジイジと悩んでいる。
Il est toujours en train de se tourmenter (de manière timide/lamentable). 

そんなにイジイジした態度ではだめだ。	
Tu ne peux pas avoir une attitude aussi indécise (timide).
"
Gitaigo;Être excité;ワクワク;Waku-Waku;"Signification de ワクワク (Wakuwaku) 

ワクワク exprime un sentiment de joie et d'excitation positive qui monte et qui agite légèrement le cœur en vue de quelque chose d'agréable à venir. C'est l'excitation que l'on ressent en attendant un événement plaisant.  
Signification : Être excité, Être enthousiaste, Être impatient (positivement), Frémir d'impatience.  
Connotation : Toujours positive. Elle se concentre sur l'attente joyeuse d'un événement futur (voyage, date, surprise, etc.).";"明日の旅行が楽しみでワクワクしている。	
Je suis tellement excité (et impatient) pour le voyage de demain. 

ワクワクするような冒険をしたい。	
Je veux vivre une aventure palpitante. 

彼のサプライズにワクワクが止まらない。	
Mon excitation pour sa surprise ne s'arrête pas.  
"
Gitaigo;Perdre patiente;イライラ;Ira-ira;"Signification de イライラ (Iraira) 

イライラ exprime un état mental où l'on est à cran, impatient, ou en colère latente. C'est le sentiment d'être « sur les nerfs » ou de bouillonner intérieurement, souvent à cause d'un délai, du bruit, ou de l'incompétence de quelqu'un.  
Signification : Irrité, Agacé, Impatient, Nerveux/À cran, Frustré.  
Connotation : Négative. L'expression décrit un état de détresse psychologique due à l'attente ou à un désagrément.";"渋滞でイライラする。	
Je suis énervé/agacé à cause de l'embouteillage. 

彼は待たされるとすぐイライラする。	
Il s'irrite/s'énerve facilement quand on le fait attendre. 

隣の騒音でイライラが止まらない。	
Le bruit d'à côté m'énerve sans cesse. 
"
Gitaigo;Flâner sans but;ウロウロ;Uro-uro;"Signification de ウロウロ (Uro-uro) 

ウロウロ exprime le mouvement d'une personne qui se déplace dans un lieu sans direction claire, souvent par hésitation, inquiétude, ou simplement en traînant.  
Signification : Errer, Rôder, Flâner sans but, Tourner en rond.  
Connotation : Peut être neutre (quelqu'un se perd), mais est souvent négative, suggérant une attitude suspecte (quelqu'un qui rôde) ou indécise.";"知らない人が家の周りをウロウロしている。	
Un inconnu rôde autour de la maison (a une attitude suspecte). 

彼は道に迷って駅前をウロウロした。	
Il s'est perdu et a erré devant la gare. 

ウロウロしないで、さっさと用事を済ませなさい。	
Ne traîne pas et va régler tes affaires rapidement.
"
Gitaigo;Être timide;モジモジ;Moji-moji;"Signification de モジモジ (Mojimoji) 

モジモジ exprime à la fois l'état émotionnel (timidité, nervosité) et les actions physiques qui en découlent (traîner des pieds, se balancer, jouer avec ses mains, ne pas pouvoir rester immobile). C'est l'attitude typique de quelqu'un qui n'ose pas parler ou agir.  
Signification : Gigoter, Se tortiller, Hésiter par timidité, Être mal à l'aise et agité.  
Connotation : Principalement utilisé pour critiquer ou remarquer une timidité excessive, souvent chez les enfants ou les adolescents, mais aussi dans des contextes embarrassants.";"モジモジしないで、質問しなさい。	
Arrête de te tortiller (d'hésiter) et pose ta question. 

彼は人前で話すとき、いつもモジモジしている。	
Il est toujours mal à l'aise (il gigote) lorsqu'il parle en public. 

椅子の上でモジモジと落ち着かない。	
Il est agité et se tortille sur sa chaise.
"
Gitaigo;Être rugueux;ザラザラ;Zara-zara;"ザラザラ (Zarazara) est une onomatopée japonaise (gitaigo) décrivant une texture ou une sensation rugueuse, granuleuse ou sablonneuse.  

Signification de ザラザラ (Zarazara) 

ザラザラ exprime la sensation physique de toucher une surface irrégulière, rugueuse, ou recouverte de petits grains. Cela contraste avec les surfaces lisses ou douces.  
Signification : Rugueux, Granuleux, Sablonneux, Râpeux.  
Connotation : Neutre à légèrement négative, souvent associée à la saleté, la sécheresse de la peau, ou au sable.";"砂で床がザラザラしている。	
Le sol est rugueux/granuleux à cause du sable. 

冬になると手がザラザラになる。	
Mes mains deviennent rugueuses/sèches en hiver. 

ザラザラした紙やすり。	
Du papier de verre rugueux
"
Gitaigo;Être glissant;スベスベ;Sube-sube;"Signification de スベスベ (Subesube) 

スベスベ exprime la sensation d'une surface qui est parfaitement lisse, sans aspérité ni rugosité. Elle est utilisée pour tout ce qui est doux et agréable au toucher.  
Signification : Lisse, Douce, Veloutée, Onctueuse (pour la peau).  
Connotation : Très positive, souvent utilisée dans la publicité pour la beauté et les soins de la peau.";"赤ちゃんの肌はスベスベだ
La peau du bébé est douce/lisse (comme du velours). 

シェービング後は肌がスベスベになった。	
Après le rasage, ma peau est devenue très lisse. 

スベスベしたガラスの表面。	
La surface lisse du verre.
"
Gitaigo;Être doux;サラサラ;Sara-sara;" サラサラ (Sarasara) est une onomatopée japonaise (gitaigo) qui décrit une sensation de légèreté et de douceur, ainsi qu'un écoulement doux et continu. Elle est utilisée pour les textures et les sons.  

Signification de サラサラ (Sarasara) 

サラサラ exprime deux idées principales, toutes deux positives ou neutres :  Texture : Une sensation douce, soyeuse, lisse et fluide (l'opposé de rugueux ou collant).  Son/Mouvement : Un son léger et fluide d'eau qui coule doucement, de sable qui glisse, ou de feuilles qui bruissent.  
Signification : Lisse, Soyeux, Fluide, Doux (au toucher).  
Connotation : Positive, associée à la propreté, la beauté des cheveux, ou le bruit agréable de la nature.";"彼女の髪はサラサラだ。	
Ses cheveux sont doux et soyeux/fluides. 

砂が指の間からサラサラと落ちる。		
Le sable s'écoule doucement entre les doigts. 

川の水がサラサラと流れる。	
L'eau de la rivière coule doucement/légerement.
"
Gitaigo;Être soyeux;ツルツル;Tsuru-tsuru;"Signification de ツルツル (Tsurutsuru) 

ツルツル exprime la qualité d'une surface qui est si lisse qu'elle en est glissante ou réfléchissante. Elle peut aussi décrire l'action de siffler des nouilles ou la texture d'un aliment qui glisse facilement dans la gorge.  
Signification : Lisse, Glissant, Brillant, Poli, Onctueux/Glissant (pour les aliments).  
Connotation : Neutre. Peut être positive (peau lisse) ou négative (sol glissant et dangereux).";"床がワックスでツルツルだ。	
Le sol est glissant à cause de la cire. 

ツルツルした肌になる。	
Avoir une peau lisse et sans défaut. 

ラーメンをツルツルとすする。	
Siffler/aspirer des nouilles de ramen."
Gitaigo;Être énervé;カッカ;Kakka;"Signification de カッカ (Kakka) 

1. Colère et Énervement (Le plus fréquent) Dans ce contexte, カッカ exprime un état de colère intense ou d'irritation profonde. La personne est si fâchée qu'elle a l'impression de ""bouillir"" ou que son visage est rouge de fureur.  
Signification : Être en colère noire, Bouillir de rage, Fumer d'énervement.  
Connotation : Négative, décrivant une explosion ou une accumulation de colère.

2. Chaleur Intense (Moins fréquent) Ce terme peut également décrire une chaleur forte et sèche, comme le soleil de plomb ou un four ardent.  
Signification : Chaleur ardente, Brûlant.

";"彼はカッカと怒っている。	.	
Il est furieux (il bouillonne de colère).

彼の無責任な態度にカッカきた。	
Son attitude irresponsable m'a mis en rage.

カッカと照りつける太陽。	
Le soleil brille ardemment (il cogne).  

 "
